{
  "b5": {
    "mae": 0.0,
    "me": 0.0,
    "std": 0.0,
    "min": 0.0,
    "max": 0.0,
    "dn_mean": 255.0,
    "nPixel": 387696
  },
  "b4": {
    "mae": 0.34234609920875037,
    "me": 1.169795967409921e-15,
    "std": 0.3766572685596181,
    "min": -0.5701733221166342,
    "max": 0.6776877886397629,
    "dn_mean": 106.84949806033593,
    "nPixel": 387696
  },
  "b3": {
    "mae": 0.19995106005168195,
    "me": -1.5922222889746148e-15,
    "std": 0.24482867053459037,
    "min": -0.29384741731017155,
    "max": 0.7067602521781169,
    "dn_mean": 136.46529755272172,
    "nPixel": 387696
  },
  "b2": {
    "mae": 0.28394829176320213,
    "me": -6.520529373896042e-15,
    "std": 0.3740122377803488,
    "min": -0.5166688172016041,
    "max": 0.9263406097366808,
    "dn_mean": 88.29545055920103,
    "nPixel": 387696
  },
  "b1": {
    "mae": 0.1742890165537162,
    "me": 1.14271735705321e-15,
    "std": 0.22982536768996897,
    "min": -0.2998351411107008,
    "max": 0.5921422021796748,
    "dn_mean": 140.37520892658165,
    "nPixel": 387696
  }
}